City,Depot,a,b,c,d
Depot,0,1.6235180439213077,1.7253022208012099,5.553048887456013,2.1280686193994467
a,1.6235180439213077,0,3.0117349293502795,4.252302709919251,1.8612131984637736
b,1.7253022208012099,3.0117349293502795,0,7.194664270880295,2.2480547215194093
c,5.553048887456013,4.252302709919251,7.194664270880295,0,5.9128554832895945
d,2.1280686193994467,1.8612131984637736,2.2480547215194093,5.9128554832895945,0
