City,Depot,a,b,c,d,e,f,g
Depot,0,30.747613119628284,44.09386148704302,35.78277029316283,22.65056724977937,16.850873313954786,13.990769948778919,15.404444927645516
a,30.747613119628284,0,17.651025054597106,19.18417266979104,26.07349465128766,32.53989848599301,38.986985879215624,45.972494636133995
b,44.09386148704302,17.651025054597106,0,12.946903422183437,29.70661772302795,39.262696096812086,48.096829229880555,59.40503169805199
c,35.78277029316283,19.18417266979104,12.946903422183437,0,17.552999392091053,27.556085241855254,36.96723326786698,50.41948142854664
d,22.65056724977937,26.07349465128766,29.70661772302795,17.552999392091053,0,10.121923884779303,19.822961454843032,35.23190140761707
e,16.850873313954786,32.53989848599301,39.262696096812086,27.556085241855254,10.121923884779303,0,9.812363094549957,26.466324994965664
f,13.990769948778919,38.986985879215624,48.096829229880555,36.96723326786698,19.822961454843032,9.812363094549957,0,17.848491844423737
g,15.404444927645516,45.972494636133995,59.40503169805199,50.41948142854664,35.23190140761707,26.466324994965664,17.848491844423737,0
