City,Depot,a,b,c
Depot,0,0.5036120179875928,0.6051601725724476,0.4290305638576883
a,0.5036120179875928,0,0.48739943368841,0.923838987067585
b,0.6051601725724476,0.48739943368841,0,0.986822315105974
c,0.4290305638576883,0.923838987067585,0.986822315105974,0
