City,Depot,a,b,c,d
Depot,0,162.35180439213076,172.53022208012098,555.3048887456013,212.80686193994467
a,162.35180439213076,0,301.1734929350279,425.23027099192507,186.12131984637736
b,172.53022208012098,301.1734929350279,0,719.4664270880295,224.80547215194093
c,555.3048887456013,425.23027099192507,719.4664270880295,0,591.2855483289594
d,212.80686193994467,186.12131984637736,224.80547215194093,591.2855483289594,0
