City,Depot,a,b,c
Depot,0,0.10072240359751856,0.12103203451448952,0.08580611277153766
a,0.10072240359751856,0,0.097479886737682,0.184767797413517
b,0.12103203451448952,0.097479886737682,0,0.19736446302119479
c,0.08580611277153766,0.184767797413517,0.19736446302119479,0
