City,Depot,a,b,c,d,e,f,g
Depot,0,6.149522623925657,8.818772297408604,7.156554058632565,4.530113449955874,3.3701746627909572,2.7981539897557837,3.080888985529103
a,6.149522623925657,0,3.5302050109194214,3.836834533958208,5.214698930257532,6.507979697198602,7.797397175843125,9.1944989272268
b,8.818772297408604,3.5302050109194214,0,2.5893806844366876,5.94132354460559,7.852539219362417,9.61936584597611,11.881006339610398
c,7.156554058632565,3.836834533958208,2.5893806844366876,0,3.5105998784182106,5.5112170483710505,7.393446653573396,10.083896285709328
d,4.530113449955874,5.214698930257532,5.94132354460559,3.5105998784182106,0,2.0243847769558605,3.964592290968606,7.0463802815234144
e,3.3701746627909572,6.507979697198602,7.852539219362417,5.5112170483710505,2.0243847769558605,0,1.9624726189099913,5.293264998993132
f,2.7981539897557837,7.797397175843125,9.61936584597611,7.393446653573396,3.964592290968606,1.9624726189099913,0,3.5696983688847475
g,3.080888985529103,9.1944989272268,11.881006339610398,10.083896285709328,7.0463802815234144,5.293264998993132,3.5696983688847475,0
